"DATA_ID","DATA_ZAL"
2,06/01/01
3,06/01/02
4,06/01/03
5,06/01/04
6,06/01/05
7,06/01/06
8,06/01/07
9,06/01/08
10,06/01/09
11,06/01/10
12,06/01/11
13,06/01/12
14,06/01/13
15,06/01/14
16,06/01/15
17,06/01/16
18,06/01/17
19,06/01/18
20,06/01/19
21,06/01/20
22,06/01/21
23,06/01/22
24,06/01/23
25,06/01/24
26,06/01/25
27,06/01/26
28,06/01/27
29,06/01/28
30,06/02/01
31,06/02/02
32,06/02/03
33,06/02/04
34,06/02/05
35,06/02/06
36,06/02/07
37,06/02/08
38,06/02/09
39,06/02/10
40,06/02/11
41,06/02/12
42,06/02/13
43,06/02/14
44,06/02/15
45,06/02/16
46,06/02/17
47,06/02/18
48,06/02/19
49,06/02/20
50,06/02/21
51,06/02/22
52,06/02/23
53,06/02/24
54,06/02/25
55,06/02/26
56,06/02/27
57,06/02/28
58,06/03/01
59,06/03/02
60,06/03/03
61,06/03/04
62,06/03/05
63,06/03/06
64,06/03/07
65,06/03/08
66,06/03/09
67,06/03/10
68,06/03/11
69,06/03/12
70,06/03/13
71,06/03/14
72,06/03/15
73,06/03/16
74,06/03/17
75,06/03/18
76,06/03/19
77,06/03/20
78,06/03/21
79,06/03/22
80,06/03/23
81,06/03/24
82,06/03/25
83,06/03/26
84,06/03/27
85,06/03/28
86,06/04/01
87,06/04/02
88,06/04/03
89,06/04/04
90,06/04/05
91,06/04/06
92,06/04/07
93,06/04/08
94,06/04/09
95,06/04/10
96,06/04/11
97,06/04/12
98,06/04/13
99,06/04/14
100,06/04/15
101,06/04/16
102,06/04/17
103,06/04/18
104,06/04/19
105,06/04/20
106,06/04/21
107,06/04/22
108,06/04/23
109,06/04/24
110,06/04/25
111,06/04/26
112,06/04/27
113,06/04/28
114,06/05/01
115,06/05/02
116,06/05/03
117,06/05/04
118,06/05/05
119,06/05/06
120,06/05/07
121,06/05/08
122,06/05/09
123,06/05/10
124,06/05/11
125,06/05/12
126,06/05/13
127,06/05/14
128,06/05/15
129,06/05/16
130,06/05/17
131,06/05/18
132,06/05/19
133,06/05/20
134,06/05/21
135,06/05/22
136,06/05/23
137,06/05/24
138,06/05/25
139,06/05/26
140,06/05/27
141,06/05/28
142,06/06/01
143,06/06/02
144,06/06/03
145,06/06/04
146,06/06/05
147,06/06/06
148,06/06/07
149,06/06/08
150,06/06/09
151,06/06/10
152,06/06/11
153,06/06/12
154,06/06/13
155,06/06/14
156,06/06/15
157,06/06/16
158,06/06/17
159,06/06/18
160,06/06/19
161,06/06/20
162,06/06/21
163,06/06/22
164,06/06/23
165,06/06/24
166,06/06/25
167,06/06/26
168,06/06/27
169,06/06/28
170,06/07/01
171,06/07/02
172,06/07/03
173,06/07/04
174,06/07/05
175,06/07/06
176,06/07/07
177,06/07/08
178,06/07/09
179,06/07/10
180,06/07/11
181,06/07/12
182,06/07/13
183,06/07/14
184,06/07/15
185,06/07/16
186,06/07/17
187,06/07/18
188,06/07/19
189,06/07/20
190,06/07/21
191,06/07/22
192,06/07/23
193,06/07/24
194,06/07/25
195,06/07/26
196,06/07/27
197,06/07/28
198,06/08/01
199,06/08/02
200,06/08/03
201,06/08/04
202,06/08/05
203,06/08/06
204,06/08/07
205,06/08/08
206,06/08/09
207,06/08/10
208,06/08/11
209,06/08/12
210,06/08/13
211,06/08/14
212,06/08/15
213,06/08/16
214,06/08/17
215,06/08/18
216,06/08/19
217,06/08/20
218,06/08/21
219,06/08/22
220,06/08/23
221,06/08/24
222,06/08/25
223,06/08/26
224,06/08/27
225,06/08/28
226,06/09/01
227,06/09/02
228,06/09/03
229,06/09/04
230,06/09/05
231,06/09/06
232,06/09/07
233,06/09/08
234,06/09/09
235,06/09/10
236,06/09/11
237,06/09/12
238,06/09/13
239,06/09/14
240,06/09/15
241,06/09/16
242,06/09/17
243,06/09/18
244,06/09/19
245,06/09/20
246,06/09/21
247,06/09/22
248,06/09/23
249,06/09/24
250,06/09/25
251,06/09/26
252,06/09/27
253,06/09/28
254,06/10/01
255,06/10/02
256,06/10/03
257,06/10/04
258,06/10/05
259,06/10/06
260,06/10/07
261,06/10/08
262,06/10/09
263,06/10/10
264,06/10/11
265,06/10/12
266,06/10/13
267,06/10/14
268,06/10/15
269,06/10/16
270,06/10/17
271,06/10/18
272,06/10/19
273,06/10/20
274,06/10/21
275,06/10/22
276,06/10/23
277,06/10/24
278,06/10/25
279,06/10/26
280,06/10/27
281,06/10/28
282,06/11/01
283,06/11/02
284,06/11/03
285,06/11/04
286,06/11/05
287,06/11/06
288,06/11/07
289,06/11/08
290,06/11/09
291,06/11/10
292,06/11/11
293,06/11/12
294,06/11/13
295,06/11/14
296,06/11/15
297,06/11/16
298,06/11/17
299,06/11/18
300,06/11/19
301,06/11/20
302,06/11/21
303,06/11/22
304,06/11/23
305,06/11/24
306,06/11/25
307,06/11/26
308,06/11/27
309,06/11/28
310,06/12/01
311,06/12/02
312,06/12/03
313,06/12/04
314,06/12/05
315,06/12/06
316,06/12/07
317,06/12/08
318,06/12/09
319,06/12/10
320,06/12/11
321,06/12/12
322,06/12/13
323,06/12/14
324,06/12/15
325,06/12/16
326,06/12/17
327,06/12/18
328,06/12/19
329,06/12/20
330,06/12/21
331,06/12/22
332,06/12/23
333,06/12/24
334,06/12/25
335,06/12/26
336,06/12/27
337,06/12/28
338,07/01/01
339,07/01/02
340,07/01/03
341,07/01/04
342,07/01/05
343,07/01/06
344,07/01/07
345,07/01/08
346,07/01/09
347,07/01/10
348,07/01/11
349,07/01/12
350,07/01/13
351,07/01/14
352,07/01/15
353,07/01/16
354,07/01/17
355,07/01/18
356,07/01/19
357,07/01/20
358,07/01/21
359,07/01/22
360,07/01/23
361,07/01/24
362,07/01/25
363,07/01/26
364,07/01/27
365,07/01/28
366,07/02/01
367,07/02/02
368,07/02/03
369,07/02/04
370,07/02/05
371,07/02/06
372,07/02/07
373,07/02/08
374,07/02/09
375,07/02/10
376,07/02/11
377,07/02/12
378,07/02/13
379,07/02/14
380,07/02/15
381,07/02/16
382,07/02/17
383,07/02/18
384,07/02/19
385,07/02/20
386,07/02/21
387,07/02/22
388,07/02/23
389,07/02/24
390,07/02/25
391,07/02/26
392,07/02/27
393,07/02/28
394,07/03/01
395,07/03/02
396,07/03/03
397,07/03/04
398,07/03/05
399,07/03/06
400,07/03/07
401,07/03/08
402,07/03/09
403,07/03/10
404,07/03/11
405,07/03/12
406,07/03/13
407,07/03/14
408,07/03/15
409,07/03/16
410,07/03/17
411,07/03/18
412,07/03/19
413,07/03/20
414,07/03/21
415,07/03/22
416,07/03/23
417,07/03/24
418,07/03/25
419,07/03/26
420,07/03/27
421,07/03/28
422,07/04/01
423,07/04/02
424,07/04/03
425,07/04/04
426,07/04/05
427,07/04/06
428,07/04/07
429,07/04/08
430,07/04/09
431,07/04/10
432,07/04/11
433,07/04/12
434,07/04/13
435,07/04/14
1717,11/02/08
1718,11/02/09
1719,11/02/10
1720,11/02/11
1721,11/02/12
1722,11/02/13
1723,11/02/14
1724,11/02/15
1725,11/02/16
1726,11/02/17
1727,11/02/18
1728,11/02/19
1729,11/02/20
1730,11/02/21
1731,11/02/22
1732,11/02/23
1733,11/02/24
1734,11/02/25
1735,11/02/26
1736,11/02/27
1737,11/02/28
1738,11/03/01
1739,11/03/02
1740,11/03/03
1741,11/03/04
1742,11/03/05
1743,11/03/06
1744,11/03/07
1745,11/03/08
1746,11/03/09
1747,11/03/10
1748,11/03/11
1749,11/03/12
1750,11/03/13
1751,11/03/14
1752,11/03/15
1753,11/03/16
1754,11/03/17
1755,11/03/18
1756,11/03/19
1757,11/03/20
1758,11/03/21
1759,11/03/22
1760,11/03/23
1761,11/03/24
1762,11/03/25
1763,11/03/26
1764,11/03/27
1765,11/03/28
1766,11/04/01
1767,11/04/02
1768,11/04/03
1769,11/04/04
1770,11/04/05
1771,11/04/06
1772,11/04/07
1773,11/04/08
1774,11/04/09
1775,11/04/10
1776,11/04/11
1777,11/04/12
1778,11/04/13
1779,11/04/14
1780,11/04/15
1781,11/04/16
1782,11/04/17
1783,11/04/18
1784,11/04/19
1785,11/04/20
1786,11/04/21
1787,11/04/22
1788,11/04/23
1789,11/04/24
1790,11/04/25
1791,11/04/26
1792,11/04/27
1793,11/04/28
1794,11/05/01
1795,11/05/02
1796,11/05/03
1797,11/05/04
1798,11/05/05
1799,11/05/06
1800,11/05/07
1801,11/05/08
1802,11/05/09
1803,11/05/10
1804,11/05/11
1805,11/05/12
1806,11/05/13
1807,11/05/14
1808,11/05/15
1809,11/05/16
1810,11/05/17
1811,11/05/18
1812,11/05/19
1813,11/05/20
1814,11/05/21
1815,11/05/22
1816,11/05/23
1817,11/05/24
1818,11/05/25
1819,11/05/26
1820,11/05/27
1821,11/05/28
1822,11/06/01
1823,11/06/02
1824,11/06/03
1825,11/06/04
1826,11/06/05
1827,11/06/06
1828,11/06/07
1829,11/06/08
1830,11/06/09
1831,11/06/10
1832,11/06/11
1833,11/06/12
1834,11/06/13
1835,11/06/14
1836,11/06/15
1837,11/06/16
1838,11/06/17
1839,11/06/18
1840,11/06/19
1841,11/06/20
1842,11/06/21
1843,11/06/22
1844,11/06/23
1845,11/06/24
1846,11/06/25
1847,11/06/26
1848,11/06/27
1849,11/06/28
1850,11/07/01
1851,11/07/02
1852,11/07/03
1853,11/07/04
1854,11/07/05
1855,11/07/06
1856,11/07/07
1857,11/07/08
1858,11/07/09
1859,11/07/10
1860,11/07/11
1861,11/07/12
1862,11/07/13
1863,11/07/14
1864,11/07/15
1865,11/07/16
1866,11/07/17
1867,11/07/18
1868,11/07/19
1869,11/07/20
1870,11/07/21
1871,11/07/22
1872,11/07/23
1873,11/07/24
1874,11/07/25
1875,11/07/26
1876,11/07/27
1877,11/07/28
1878,11/08/01
1879,11/08/02
1880,11/08/03
1881,11/08/04
1882,11/08/05
1883,11/08/06
1884,11/08/07
1885,11/08/08
1886,11/08/09
1887,11/08/10
1888,11/08/11
1889,11/08/12
1890,11/08/13
1891,11/08/14
1892,11/08/15
1893,11/08/16
1894,11/08/17
1895,11/08/18
1896,11/08/19
1897,11/08/20
1898,11/08/21
1899,11/08/22
1900,11/08/23
1901,11/08/24
1902,11/08/25
1903,11/08/26
1904,11/08/27
1905,11/08/28
1906,11/09/01
1907,11/09/02
1908,11/09/03
1909,11/09/04
1910,11/09/05
1911,11/09/06
1912,11/09/07
1913,11/09/08
1914,11/09/09
1915,11/09/10
1916,11/09/11
1917,11/09/12
1918,11/09/13
1919,11/09/14
1920,11/09/15
1921,11/09/16
1922,11/09/17
1923,11/09/18
1924,11/09/19
1925,11/09/20
1926,11/09/21
1927,11/09/22
1928,11/09/23
1929,11/09/24
1930,11/09/25
1931,11/09/26
1932,11/09/27
1933,11/09/28
1934,11/10/01
1935,11/10/02
1936,11/10/03
1937,11/10/04
1938,11/10/05
1939,11/10/06
1940,11/10/07
1941,11/10/08
1942,11/10/09
1943,11/10/10
1944,11/10/11
1945,11/10/12
1946,11/10/13
1947,11/10/14
1948,11/10/15
1949,11/10/16
1950,11/10/17
1951,11/10/18
1952,11/10/19
1953,11/10/20
1954,11/10/21
1955,11/10/22
1956,11/10/23
1957,11/10/24
1958,11/10/25
1959,11/10/26
1960,11/10/27
1961,11/10/28
1962,11/11/01
1963,11/11/02
1964,11/11/03
1965,11/11/04
1966,11/11/05
1967,11/11/06
1968,11/11/07
1969,11/11/08
1970,11/11/09
1971,11/11/10
1972,11/11/11
1973,11/11/12
1974,11/11/13
1975,11/11/14
1976,11/11/15
1977,11/11/16
1978,11/11/17
1979,11/11/18
1980,11/11/19
1981,11/11/20
1982,11/11/21
1983,11/11/22
1984,11/11/23
1985,11/11/24
1986,11/11/25
1987,11/11/26
1988,11/11/27
1989,11/11/28
1990,11/12/01
1991,11/12/02
1992,11/12/03
1993,11/12/04
1994,11/12/05
1995,11/12/06
1996,11/12/07
1997,11/12/08
1998,11/12/09
1999,11/12/10
2000,11/12/11
2001,11/12/12
2002,11/12/13
2003,11/12/14
2004,11/12/15
2005,11/12/16
2006,11/12/17
2007,11/12/18
2008,11/12/19
2009,11/12/20
2010,11/12/21
2011,11/12/22
2012,11/12/23
2013,11/12/24
2014,11/12/25
2015,11/12/26
2016,11/12/27
2017,11/12/28
2018,12/01/01
2019,12/01/02
2020,12/01/03
2021,12/01/04
2022,12/01/05
2023,12/01/06
2024,12/01/07
2025,12/01/08
2026,12/01/09
2027,12/01/10
2028,12/01/11
2029,12/01/12
2030,12/01/13
2031,12/01/14
2032,12/01/15
2033,12/01/16
2034,12/01/17
2035,12/01/18
2036,12/01/19
2037,12/01/20
2038,12/01/21
2039,12/01/22
2040,12/01/23
2041,12/01/24
2042,12/01/25
2043,12/01/26
2044,12/01/27
2045,12/01/28
2046,12/02/01
2047,12/02/02
2048,12/02/03
2049,12/02/04
2050,12/02/05
2051,12/02/06
2052,12/02/07
2053,12/02/08
2054,12/02/09
2055,12/02/10
2056,12/02/11
2057,12/02/12
2058,12/02/13
2059,12/02/14
2060,12/02/15
2061,12/02/16
2062,12/02/17
2063,12/02/18
2064,12/02/19
2065,12/02/20
2066,12/02/21
2067,12/02/22
2068,12/02/23
2069,12/02/24
2070,12/02/25
2071,12/02/26
2072,12/02/27
2073,12/02/28
2074,12/03/01
2075,12/03/02
2076,12/03/03
2077,12/03/04
2078,12/03/05
2079,12/03/06
2080,12/03/07
2081,12/03/08
2082,12/03/09
2083,12/03/10
2084,12/03/11
2085,12/03/12
2086,12/03/13
2087,12/03/14
2088,12/03/15
2089,12/03/16
2090,12/03/17
2091,12/03/18
2092,12/03/19
2093,12/03/20
2094,12/03/21
2095,12/03/22
2096,12/03/23
2097,12/03/24
2098,12/03/25
2099,12/03/26
2100,12/03/27
2101,12/03/28
2102,12/04/01
2103,12/04/02
2104,12/04/03
2105,12/04/04
2106,12/04/05
2107,12/04/06
2108,12/04/07
2109,12/04/08
2110,12/04/09
2111,12/04/10
2112,12/04/11
2113,12/04/12
2114,12/04/13
2115,12/04/14
2116,12/04/15
2117,12/04/16
2118,12/04/17
2119,12/04/18
2120,12/04/19
2121,12/04/20
2122,12/04/21
2123,12/04/22
2124,12/04/23
2125,12/04/24
2126,12/04/25
2127,12/04/26
2128,12/04/27
2129,12/04/28
2130,12/05/01
2131,12/05/02
2132,12/05/03
2133,12/05/04
2134,12/05/05
2135,12/05/06
2136,12/05/07
2137,12/05/08
2138,12/05/09
2139,12/05/10
2140,12/05/11
2141,12/05/12
2142,12/05/13
436,07/04/15
437,07/04/16
438,07/04/17
439,07/04/18
440,07/04/19
441,07/04/20
442,07/04/21
443,07/04/22
444,07/04/23
445,07/04/24
446,07/04/25
447,07/04/26
448,07/04/27
449,07/04/28
450,07/05/01
451,07/05/02
452,07/05/03
453,07/05/04
454,07/05/05
455,07/05/06
456,07/05/07
457,07/05/08
458,07/05/09
459,07/05/10
460,07/05/11
461,07/05/12
462,07/05/13
463,07/05/14
464,07/05/15
465,07/05/16
466,07/05/17
467,07/05/18
468,07/05/19
469,07/05/20
470,07/05/21
471,07/05/22
472,07/05/23
473,07/05/24
474,07/05/25
475,07/05/26
476,07/05/27
477,07/05/28
478,07/06/01
479,07/06/02
480,07/06/03
481,07/06/04
482,07/06/05
483,07/06/06
484,07/06/07
485,07/06/08
486,07/06/09
487,07/06/10
488,07/06/11
489,07/06/12
490,07/06/13
491,07/06/14
492,07/06/15
493,07/06/16
494,07/06/17
495,07/06/18
496,07/06/19
497,07/06/20
498,07/06/21
499,07/06/22
500,07/06/23
501,07/06/24
502,07/06/25
503,07/06/26
504,07/06/27
505,07/06/28
506,07/07/01
507,07/07/02
508,07/07/03
509,07/07/04
510,07/07/05
511,07/07/06
512,07/07/07
513,07/07/08
514,07/07/09
515,07/07/10
516,07/07/11
517,07/07/12
518,07/07/13
519,07/07/14
520,07/07/15
521,07/07/16
522,07/07/17
523,07/07/18
524,07/07/19
525,07/07/20
526,07/07/21
527,07/07/22
528,07/07/23
529,07/07/24
530,07/07/25
531,07/07/26
532,07/07/27
533,07/07/28
534,07/08/01
535,07/08/02
536,07/08/03
537,07/08/04
538,07/08/05
539,07/08/06
540,07/08/07
541,07/08/08
542,07/08/09
543,07/08/10
544,07/08/11
545,07/08/12
546,07/08/13
547,07/08/14
548,07/08/15
549,07/08/16
550,07/08/17
551,07/08/18
552,07/08/19
553,07/08/20
554,07/08/21
555,07/08/22
556,07/08/23
557,07/08/24
558,07/08/25
559,07/08/26
560,07/08/27
561,07/08/28
562,07/09/01
563,07/09/02
564,07/09/03
565,07/09/04
566,07/09/05
567,07/09/06
568,07/09/07
569,07/09/08
570,07/09/09
571,07/09/10
572,07/09/11
573,07/09/12
574,07/09/13
575,07/09/14
576,07/09/15
577,07/09/16
578,07/09/17
579,07/09/18
580,07/09/19
581,07/09/20
582,07/09/21
583,07/09/22
584,07/09/23
585,07/09/24
586,07/09/25
587,07/09/26
588,07/09/27
589,07/09/28
590,07/10/01
591,07/10/02
592,07/10/03
593,07/10/04
594,07/10/05
595,07/10/06
596,07/10/07
597,07/10/08
598,07/10/09
599,07/10/10
600,07/10/11
601,07/10/12
602,07/10/13
603,07/10/14
604,07/10/15
605,07/10/16
606,07/10/17
607,07/10/18
608,07/10/19
609,07/10/20
610,07/10/21
611,07/10/22
612,07/10/23
613,07/10/24
614,07/10/25
615,07/10/26
616,07/10/27
617,07/10/28
618,07/11/01
619,07/11/02
620,07/11/03
621,07/11/04
622,07/11/05
623,07/11/06
624,07/11/07
625,07/11/08
626,07/11/09
627,07/11/10
628,07/11/11
629,07/11/12
630,07/11/13
631,07/11/14
632,07/11/15
633,07/11/16
634,07/11/17
635,07/11/18
636,07/11/19
637,07/11/20
638,07/11/21
639,07/11/22
640,07/11/23
641,07/11/24
642,07/11/25
643,07/11/26
644,07/11/27
645,07/11/28
646,07/12/01
647,07/12/02
648,07/12/03
649,07/12/04
650,07/12/05
651,07/12/06
652,07/12/07
653,07/12/08
654,07/12/09
655,07/12/10
656,07/12/11
657,07/12/12
658,07/12/13
659,07/12/14
660,07/12/15
661,07/12/16
662,07/12/17
663,07/12/18
664,07/12/19
665,07/12/20
666,07/12/21
667,07/12/22
668,07/12/23
669,07/12/24
670,07/12/25
671,07/12/26
672,07/12/27
673,07/12/28
674,08/01/01
675,08/01/02
676,08/01/03
677,08/01/04
678,08/01/05
679,08/01/06
680,08/01/07
681,08/01/08
682,08/01/09
683,08/01/10
684,08/01/11
685,08/01/12
686,08/01/13
687,08/01/14
688,08/01/15
689,08/01/16
690,08/01/17
691,08/01/18
692,08/01/19
693,08/01/20
694,08/01/21
695,08/01/22
696,08/01/23
697,08/01/24
698,08/01/25
699,08/01/26
700,08/01/27
701,08/01/28
702,08/02/01
703,08/02/02
704,08/02/03
705,08/02/04
706,08/02/05
707,08/02/06
708,08/02/07
709,08/02/08
710,08/02/09
711,08/02/10
712,08/02/11
713,08/02/12
714,08/02/13
715,08/02/14
716,08/02/15
717,08/02/16
718,08/02/17
719,08/02/18
720,08/02/19
721,08/02/20
722,08/02/21
723,08/02/22
724,08/02/23
725,08/02/24
726,08/02/25
727,08/02/26
728,08/02/27
729,08/02/28
730,08/03/01
731,08/03/02
732,08/03/03
733,08/03/04
734,08/03/05
735,08/03/06
736,08/03/07
737,08/03/08
738,08/03/09
739,08/03/10
740,08/03/11
741,08/03/12
742,08/03/13
743,08/03/14
744,08/03/15
745,08/03/16
746,08/03/17
747,08/03/18
748,08/03/19
749,08/03/20
750,08/03/21
751,08/03/22
752,08/03/23
753,08/03/24
754,08/03/25
755,08/03/26
756,08/03/27
757,08/03/28
758,08/04/01
759,08/04/02
760,08/04/03
761,08/04/04
762,08/04/05
763,08/04/06
764,08/04/07
765,08/04/08
766,08/04/09
767,08/04/10
768,08/04/11
769,08/04/12
770,08/04/13
771,08/04/14
772,08/04/15
773,08/04/16
774,08/04/17
775,08/04/18
776,08/04/19
777,08/04/20
778,08/04/21
779,08/04/22
780,08/04/23
781,08/04/24
782,08/04/25
783,08/04/26
784,08/04/27
785,08/04/28
786,08/05/01
787,08/05/02
788,08/05/03
789,08/05/04
790,08/05/05
791,08/05/06
792,08/05/07
793,08/05/08
794,08/05/09
795,08/05/10
796,08/05/11
797,08/05/12
798,08/05/13
799,08/05/14
800,08/05/15
801,08/05/16
802,08/05/17
803,08/05/18
804,08/05/19
805,08/05/20
806,08/05/21
807,08/05/22
808,08/05/23
809,08/05/24
810,08/05/25
811,08/05/26
812,08/05/27
813,08/05/28
814,08/06/01
815,08/06/02
816,08/06/03
817,08/06/04
818,08/06/05
819,08/06/06
820,08/06/07
821,08/06/08
822,08/06/09
823,08/06/10
824,08/06/11
825,08/06/12
826,08/06/13
827,08/06/14
828,08/06/15
829,08/06/16
830,08/06/17
831,08/06/18
832,08/06/19
833,08/06/20
834,08/06/21
835,08/06/22
836,08/06/23
837,08/06/24
838,08/06/25
839,08/06/26
840,08/06/27
841,08/06/28
842,08/07/01
843,08/07/02
844,08/07/03
845,08/07/04
846,08/07/05
847,08/07/06
848,08/07/07
849,08/07/08
850,08/07/09
851,08/07/10
852,08/07/11
853,08/07/12
854,08/07/13
855,08/07/14
856,08/07/15
857,08/07/16
858,08/07/17
859,08/07/18
860,08/07/19
861,08/07/20
862,08/07/21
863,08/07/22
864,08/07/23
865,08/07/24
866,08/07/25
867,08/07/26
868,08/07/27
869,08/07/28
870,08/08/01
871,08/08/02
872,08/08/03
873,08/08/04
874,08/08/05
875,08/08/06
876,08/08/07
877,08/08/08
878,08/08/09
879,08/08/10
880,08/08/11
881,08/08/12
882,08/08/13
883,08/08/14
884,08/08/15
885,08/08/16
886,08/08/17
887,08/08/18
888,08/08/19
889,08/08/20
890,08/08/21
891,08/08/22
892,08/08/23
893,08/08/24
894,08/08/25
895,08/08/26
896,08/08/27
897,08/08/28
898,08/09/01
899,08/09/02
900,08/09/03
901,08/09/04
902,08/09/05
903,08/09/06
904,08/09/07
905,08/09/08
906,08/09/09
907,08/09/10
908,08/09/11
909,08/09/12
910,08/09/13
911,08/09/14
912,08/09/15
913,08/09/16
914,08/09/17
915,08/09/18
916,08/09/19
917,08/09/20
918,08/09/21
919,08/09/22
920,08/09/23
921,08/09/24
922,08/09/25
923,08/09/26
924,08/09/27
925,08/09/28
926,08/10/01
927,08/10/02
928,08/10/03
929,08/10/04
930,08/10/05
931,08/10/06
932,08/10/07
933,08/10/08
934,08/10/09
935,08/10/10
936,08/10/11
937,08/10/12
938,08/10/13
939,08/10/14
940,08/10/15
941,08/10/16
942,08/10/17
943,08/10/18
944,08/10/19
945,08/10/20
946,08/10/21
947,08/10/22
948,08/10/23
949,08/10/24
950,08/10/25
951,08/10/26
952,08/10/27
953,08/10/28
954,08/11/01
955,08/11/02
956,08/11/03
957,08/11/04
958,08/11/05
959,08/11/06
960,08/11/07
961,08/11/08
962,08/11/09
963,08/11/10
964,08/11/11
965,08/11/12
966,08/11/13
967,08/11/14
968,08/11/15
969,08/11/16
970,08/11/17
971,08/11/18
972,08/11/19
973,08/11/20
974,08/11/21
975,08/11/22
976,08/11/23
977,08/11/24
978,08/11/25
979,08/11/26
980,08/11/27
981,08/11/28
982,08/12/01
983,08/12/02
984,08/12/03
985,08/12/04
986,08/12/05
987,08/12/06
988,08/12/07
989,08/12/08
990,08/12/09
991,08/12/10
992,08/12/11
993,08/12/12
994,08/12/13
995,08/12/14
996,08/12/15
997,08/12/16
998,08/12/17
999,08/12/18
1000,08/12/19
1001,08/12/20
1002,08/12/21
1003,08/12/22
1004,08/12/23
1005,08/12/24
1006,08/12/25
1007,08/12/26
1008,08/12/27
1009,08/12/28
1010,09/01/01
1011,09/01/02
1012,09/01/03
1013,09/01/04
1014,09/01/05
1015,09/01/06
1016,09/01/07
1017,09/01/08
1018,09/01/09
1019,09/01/10
1020,09/01/11
1021,09/01/12
1022,09/01/13
1023,09/01/14
1024,09/01/15
1025,09/01/16
1026,09/01/17
1027,09/01/18
1028,09/01/19
1029,09/01/20
1030,09/01/21
1031,09/01/22
1032,09/01/23
1033,09/01/24
1034,09/01/25
1035,09/01/26
1036,09/01/27
1037,09/01/28
1038,09/02/01
1039,09/02/02
1040,09/02/03
1041,09/02/04
1042,09/02/05
1043,09/02/06
1044,09/02/07
1045,09/02/08
1046,09/02/09
1047,09/02/10
1048,09/02/11
1049,09/02/12
1050,09/02/13
1051,09/02/14
1052,09/02/15
1053,09/02/16
1054,09/02/17
1055,09/02/18
1056,09/02/19
1057,09/02/20
1058,09/02/21
1059,09/02/22
1060,09/02/23
1061,09/02/24
1062,09/02/25
1063,09/02/26
1064,09/02/27
1065,09/02/28
1066,09/03/01
1067,09/03/02
1068,09/03/03
1069,09/03/04
1070,09/03/05
1071,09/03/06
1072,09/03/07
1073,09/03/08
1074,09/03/09
1075,09/03/10
1076,09/03/11
1077,09/03/12
1078,09/03/13
1079,09/03/14
1080,09/03/15
1081,09/03/16
1082,09/03/17
1083,09/03/18
1084,09/03/19
1085,09/03/20
1086,09/03/21
1087,09/03/22
1088,09/03/23
1089,09/03/24
1090,09/03/25
1091,09/03/26
1092,09/03/27
1093,09/03/28
1094,09/04/01
1095,09/04/02
1096,09/04/03
1097,09/04/04
1098,09/04/05
1099,09/04/06
1100,09/04/07
1101,09/04/08
1102,09/04/09
1103,09/04/10
1104,09/04/11
1105,09/04/12
1106,09/04/13
1107,09/04/14
1108,09/04/15
1109,09/04/16
1110,09/04/17
1111,09/04/18
1112,09/04/19
1113,09/04/20
1114,09/04/21
1115,09/04/22
1116,09/04/23
1117,09/04/24
1118,09/04/25
1119,09/04/26
1120,09/04/27
1121,09/04/28
1122,09/05/01
1123,09/05/02
1124,09/05/03
1125,09/05/04
1126,09/05/05
1127,09/05/06
1128,09/05/07
1129,09/05/08
1130,09/05/09
1131,09/05/10
1132,09/05/11
1133,09/05/12
1134,09/05/13
1135,09/05/14
1136,09/05/15
1137,09/05/16
1138,09/05/17
1139,09/05/18
1140,09/05/19
1141,09/05/20
1142,09/05/21
1143,09/05/22
1144,09/05/23
1145,09/05/24
1146,09/05/25
1147,09/05/26
1148,09/05/27
1149,09/05/28
1150,09/06/01
1151,09/06/02
1152,09/06/03
1153,09/06/04
1154,09/06/05
1155,09/06/06
1156,09/06/07
1157,09/06/08
1158,09/06/09
1159,09/06/10
1160,09/06/11
1161,09/06/12
1162,09/06/13
1163,09/06/14
1164,09/06/15
1165,09/06/16
1166,09/06/17
1167,09/06/18
1168,09/06/19
1169,09/06/20
1170,09/06/21
1171,09/06/22
1172,09/06/23
1173,09/06/24
1174,09/06/25
1175,09/06/26
1176,09/06/27
1177,09/06/28
1178,09/07/01
1179,09/07/02
1180,09/07/03
1181,09/07/04
1182,09/07/05
1183,09/07/06
1184,09/07/07
1185,09/07/08
1186,09/07/09
1187,09/07/10
1188,09/07/11
1189,09/07/12
1190,09/07/13
1191,09/07/14
1192,09/07/15
1193,09/07/16
1194,09/07/17
1195,09/07/18
1196,09/07/19
1197,09/07/20
1198,09/07/21
1199,09/07/22
1200,09/07/23
1201,09/07/24
1202,09/07/25
1203,09/07/26
1204,09/07/27
1205,09/07/28
1206,09/08/01
1207,09/08/02
1208,09/08/03
1209,09/08/04
1210,09/08/05
1211,09/08/06
1212,09/08/07
1213,09/08/08
1214,09/08/09
1215,09/08/10
1216,09/08/11
1217,09/08/12
1218,09/08/13
1219,09/08/14
1220,09/08/15
1221,09/08/16
1222,09/08/17
1223,09/08/18
1224,09/08/19
1225,09/08/20
1226,09/08/21
1227,09/08/22
1228,09/08/23
1229,09/08/24
1230,09/08/25
1231,09/08/26
1232,09/08/27
1233,09/08/28
1234,09/09/01
1235,09/09/02
1236,09/09/03
1237,09/09/04
1238,09/09/05
1239,09/09/06
1240,09/09/07
1241,09/09/08
1242,09/09/09
1243,09/09/10
1244,09/09/11
1245,09/09/12
1246,09/09/13
1247,09/09/14
1248,09/09/15
1249,09/09/16
1250,09/09/17
1251,09/09/18
1252,09/09/19
1253,09/09/20
1254,09/09/21
1255,09/09/22
1256,09/09/23
1257,09/09/24
1258,09/09/25
1259,09/09/26
1260,09/09/27
1261,09/09/28
1262,09/10/01
1263,09/10/02
1264,09/10/03
1265,09/10/04
1266,09/10/05
1267,09/10/06
1268,09/10/07
1269,09/10/08
1270,09/10/09
1271,09/10/10
1272,09/10/11
1273,09/10/12
1274,09/10/13
1275,09/10/14
1276,09/10/15
1277,09/10/16
1278,09/10/17
1279,09/10/18
1280,09/10/19
1281,09/10/20
1282,09/10/21
1283,09/10/22
1284,09/10/23
1285,09/10/24
1286,09/10/25
1287,09/10/26
1288,09/10/27
1289,09/10/28
1290,09/11/01
1291,09/11/02
1292,09/11/03
1293,09/11/04
1294,09/11/05
1295,09/11/06
1296,09/11/07
1297,09/11/08
1298,09/11/09
1299,09/11/10
1300,09/11/11
1301,09/11/12
1302,09/11/13
1303,09/11/14
1304,09/11/15
1305,09/11/16
1306,09/11/17
1307,09/11/18
1308,09/11/19
1309,09/11/20
1310,09/11/21
1311,09/11/22
1312,09/11/23
1313,09/11/24
1314,09/11/25
1315,09/11/26
1316,09/11/27
1317,09/11/28
1318,09/12/01
1319,09/12/02
1320,09/12/03
1321,09/12/04
1322,09/12/05
1323,09/12/06
1324,09/12/07
1325,09/12/08
1326,09/12/09
1327,09/12/10
1328,09/12/11
1329,09/12/12
1330,09/12/13
1331,09/12/14
1332,09/12/15
1333,09/12/16
1334,09/12/17
1335,09/12/18
1336,09/12/19
1337,09/12/20
1338,09/12/21
1339,09/12/22
1340,09/12/23
1341,09/12/24
1342,09/12/25
1343,09/12/26
1344,09/12/27
1345,09/12/28
1346,10/01/01
1347,10/01/02
1348,10/01/03
1349,10/01/04
1350,10/01/05
1351,10/01/06
1352,10/01/07
1353,10/01/08
1354,10/01/09
1355,10/01/10
1356,10/01/11
1357,10/01/12
1358,10/01/13
1359,10/01/14
1360,10/01/15
1361,10/01/16
1362,10/01/17
1363,10/01/18
1364,10/01/19
1365,10/01/20
1366,10/01/21
1367,10/01/22
1368,10/01/23
1369,10/01/24
1370,10/01/25
1371,10/01/26
1372,10/01/27
1373,10/01/28
1374,10/02/01
1375,10/02/02
1376,10/02/03
1377,10/02/04
1378,10/02/05
1379,10/02/06
1380,10/02/07
1381,10/02/08
1382,10/02/09
1383,10/02/10
1384,10/02/11
1385,10/02/12
1386,10/02/13
1387,10/02/14
1388,10/02/15
1389,10/02/16
1390,10/02/17
1391,10/02/18
1392,10/02/19
1393,10/02/20
1394,10/02/21
1395,10/02/22
1396,10/02/23
1397,10/02/24
1398,10/02/25
1399,10/02/26
1400,10/02/27
1401,10/02/28
1402,10/03/01
1403,10/03/02
1404,10/03/03
1405,10/03/04
1406,10/03/05
1407,10/03/06
1408,10/03/07
1409,10/03/08
1410,10/03/09
1411,10/03/10
1412,10/03/11
1413,10/03/12
1414,10/03/13
1415,10/03/14
1416,10/03/15
1417,10/03/16
1418,10/03/17
1419,10/03/18
1420,10/03/19
1421,10/03/20
1422,10/03/21
1423,10/03/22
1424,10/03/23
1425,10/03/24
1426,10/03/25
1427,10/03/26
1428,10/03/27
1429,10/03/28
1430,10/04/01
1431,10/04/02
1432,10/04/03
1433,10/04/04
1434,10/04/05
1435,10/04/06
1436,10/04/07
1437,10/04/08
1438,10/04/09
1439,10/04/10
1440,10/04/11
1441,10/04/12
1442,10/04/13
1443,10/04/14
1444,10/04/15
1445,10/04/16
1446,10/04/17
1447,10/04/18
1448,10/04/19
1449,10/04/20
1450,10/04/21
1451,10/04/22
1452,10/04/23
1453,10/04/24
1454,10/04/25
1455,10/04/26
1456,10/04/27
1457,10/04/28
1458,10/05/01
1459,10/05/02
1460,10/05/03
1461,10/05/04
1462,10/05/05
1463,10/05/06
1464,10/05/07
1465,10/05/08
1466,10/05/09
1467,10/05/10
1468,10/05/11
1469,10/05/12
1470,10/05/13
1471,10/05/14
1472,10/05/15
1473,10/05/16
1474,10/05/17
1475,10/05/18
1476,10/05/19
1477,10/05/20
1478,10/05/21
1479,10/05/22
1480,10/05/23
1481,10/05/24
1482,10/05/25
1483,10/05/26
1484,10/05/27
1485,10/05/28
1486,10/06/01
1487,10/06/02
1488,10/06/03
1489,10/06/04
1490,10/06/05
1491,10/06/06
1492,10/06/07
1493,10/06/08
1494,10/06/09
1495,10/06/10
1496,10/06/11
1497,10/06/12
1498,10/06/13
1499,10/06/14
1500,10/06/15
1501,10/06/16
1502,10/06/17
1503,10/06/18
1504,10/06/19
1505,10/06/20
1506,10/06/21
1507,10/06/22
1508,10/06/23
1509,10/06/24
1510,10/06/25
1511,10/06/26
1512,10/06/27
1513,10/06/28
1514,10/07/01
1515,10/07/02
1516,10/07/03
1517,10/07/04
1518,10/07/05
1519,10/07/06
1520,10/07/07
1521,10/07/08
1522,10/07/09
1523,10/07/10
1524,10/07/11
1525,10/07/12
1526,10/07/13
1527,10/07/14
1528,10/07/15
1529,10/07/16
1530,10/07/17
1531,10/07/18
1532,10/07/19
1533,10/07/20
1534,10/07/21
1535,10/07/22
1536,10/07/23
1537,10/07/24
1538,10/07/25
1539,10/07/26
1540,10/07/27
1541,10/07/28
1542,10/08/01
1543,10/08/02
1544,10/08/03
1545,10/08/04
1546,10/08/05
1547,10/08/06
1548,10/08/07
1549,10/08/08
1550,10/08/09
1551,10/08/10
1552,10/08/11
1553,10/08/12
1554,10/08/13
1555,10/08/14
1556,10/08/15
1557,10/08/16
1558,10/08/17
1559,10/08/18
1560,10/08/19
1561,10/08/20
1562,10/08/21
1563,10/08/22
1564,10/08/23
1565,10/08/24
1566,10/08/25
1567,10/08/26
1568,10/08/27
1569,10/08/28
1570,10/09/01
1571,10/09/02
1572,10/09/03
1573,10/09/04
1574,10/09/05
1575,10/09/06
1576,10/09/07
1577,10/09/08
1578,10/09/09
1579,10/09/10
1580,10/09/11
1581,10/09/12
1582,10/09/13
1583,10/09/14
1584,10/09/15
1585,10/09/16
1586,10/09/17
1587,10/09/18
1588,10/09/19
1589,10/09/20
1590,10/09/21
1591,10/09/22
1592,10/09/23
1593,10/09/24
1594,10/09/25
1595,10/09/26
1596,10/09/27
1597,10/09/28
1598,10/10/01
1599,10/10/02
1600,10/10/03
1601,10/10/04
1602,10/10/05
1603,10/10/06
1604,10/10/07
1605,10/10/08
1606,10/10/09
1607,10/10/10
1608,10/10/11
1609,10/10/12
1610,10/10/13
1611,10/10/14
1612,10/10/15
1613,10/10/16
1614,10/10/17
1615,10/10/18
1616,10/10/19
1617,10/10/20
1618,10/10/21
1619,10/10/22
1620,10/10/23
1621,10/10/24
1622,10/10/25
1623,10/10/26
1624,10/10/27
1625,10/10/28
1626,10/11/01
1627,10/11/02
1628,10/11/03
1629,10/11/04
1630,10/11/05
1631,10/11/06
1632,10/11/07
1633,10/11/08
1634,10/11/09
1635,10/11/10
1636,10/11/11
1637,10/11/12
1638,10/11/13
1639,10/11/14
1640,10/11/15
1641,10/11/16
1642,10/11/17
1643,10/11/18
1644,10/11/19
1645,10/11/20
1646,10/11/21
1647,10/11/22
1648,10/11/23
1649,10/11/24
1650,10/11/25
1651,10/11/26
1652,10/11/27
1653,10/11/28
1654,10/12/01
1655,10/12/02
1656,10/12/03
1657,10/12/04
1658,10/12/05
1659,10/12/06
1660,10/12/07
1661,10/12/08
1662,10/12/09
1663,10/12/10
1664,10/12/11
1665,10/12/12
1666,10/12/13
1667,10/12/14
1668,10/12/15
1669,10/12/16
1670,10/12/17
1671,10/12/18
1672,10/12/19
1673,10/12/20
1674,10/12/21
1675,10/12/22
1676,10/12/23
1677,10/12/24
1678,10/12/25
1679,10/12/26
1680,10/12/27
1681,10/12/28
1682,11/01/01
1683,11/01/02
1684,11/01/03
1685,11/01/04
1686,11/01/05
1687,11/01/06
1688,11/01/07
1689,11/01/08
1690,11/01/09
1691,11/01/10
1692,11/01/11
1693,11/01/12
1694,11/01/13
1695,11/01/14
1696,11/01/15
1697,11/01/16
1698,11/01/17
1699,11/01/18
1700,11/01/19
1701,11/01/20
1702,11/01/21
1703,11/01/22
1704,11/01/23
1705,11/01/24
1706,11/01/25
1707,11/01/26
1708,11/01/27
1709,11/01/28
1710,11/02/01
1711,11/02/02
1712,11/02/03
1713,11/02/04
1714,11/02/05
1715,11/02/06
1716,11/02/07
2143,12/05/14
2144,12/05/15
2145,12/05/16
2146,12/05/17
2147,12/05/18
2148,12/05/19
2149,12/05/20
2150,12/05/21
2151,12/05/22
2152,12/05/23
2153,12/05/24
2154,12/05/25
2155,12/05/26
2156,12/05/27
2157,12/05/28
2158,12/06/01
2159,12/06/02
2160,12/06/03
2161,12/06/04
2162,12/06/05
2163,12/06/06
2164,12/06/07
2165,12/06/08
2166,12/06/09
2167,12/06/10
2168,12/06/11
2169,12/06/12
2170,12/06/13
2171,12/06/14
2172,12/06/15
2173,12/06/16
2174,12/06/17
2175,12/06/18
2176,12/06/19
2177,12/06/20
2178,12/06/21
2179,12/06/22
2180,12/06/23
2181,12/06/24
2182,12/06/25
2183,12/06/26
2184,12/06/27
2185,12/06/28
2186,12/07/01
2187,12/07/02
2188,12/07/03
2189,12/07/04
2190,12/07/05
2191,12/07/06
2192,12/07/07
2193,12/07/08
2194,12/07/09
2195,12/07/10
2196,12/07/11
2197,12/07/12
2198,12/07/13
2199,12/07/14
2200,12/07/15
2201,12/07/16
2202,12/07/17
2203,12/07/18
2204,12/07/19
2205,12/07/20
2206,12/07/21
2207,12/07/22
2208,12/07/23
2209,12/07/24
2210,12/07/25
2211,12/07/26
2212,12/07/27
2213,12/07/28
2214,12/08/01
2215,12/08/02
2216,12/08/03
2217,12/08/04
2218,12/08/05
2219,12/08/06
2220,12/08/07
2221,12/08/08
2222,12/08/09
2223,12/08/10
2224,12/08/11
2225,12/08/12
2226,12/08/13
2227,12/08/14
2228,12/08/15
2229,12/08/16
2230,12/08/17
2231,12/08/18
2232,12/08/19
2233,12/08/20
2234,12/08/21
2235,12/08/22
2236,12/08/23
2237,12/08/24
2238,12/08/25
2239,12/08/26
2240,12/08/27
2241,12/08/28
2242,12/09/01
2243,12/09/02
2244,12/09/03
2245,12/09/04
2246,12/09/05
2247,12/09/06
2248,12/09/07
2249,12/09/08
2250,12/09/09
2251,12/09/10
2252,12/09/11
2253,12/09/12
2254,12/09/13
2255,12/09/14
2256,12/09/15
2257,12/09/16
2258,12/09/17
2259,12/09/18
2260,12/09/19
2261,12/09/20
2262,12/09/21
2263,12/09/22
2264,12/09/23
2265,12/09/24
2266,12/09/25
2267,12/09/26
2268,12/09/27
2269,12/09/28
2270,12/10/01
2271,12/10/02
2272,12/10/03
2273,12/10/04
2274,12/10/05
2275,12/10/06
2276,12/10/07
2277,12/10/08
2278,12/10/09
2279,12/10/10
2280,12/10/11
2281,12/10/12
2282,12/10/13
2283,12/10/14
2284,12/10/15
2285,12/10/16
2286,12/10/17
2287,12/10/18
2288,12/10/19
2289,12/10/20
2290,12/10/21
2291,12/10/22
2292,12/10/23
2293,12/10/24
2294,12/10/25
2295,12/10/26
2296,12/10/27
2297,12/10/28
2298,12/11/01
2299,12/11/02
2300,12/11/03
2301,12/11/04
2302,12/11/05
2303,12/11/06
2304,12/11/07
2305,12/11/08
2306,12/11/09
2307,12/11/10
2308,12/11/11
2309,12/11/12
2310,12/11/13
2311,12/11/14
2312,12/11/15
2313,12/11/16
2314,12/11/17
2315,12/11/18
2316,12/11/19
2317,12/11/20
2318,12/11/21
2319,12/11/22
2320,12/11/23
2321,12/11/24
2322,12/11/25
2323,12/11/26
2324,12/11/27
2325,12/11/28
2326,12/12/01
2327,12/12/02
2328,12/12/03
2329,12/12/04
2330,12/12/05
2331,12/12/06
2332,12/12/07
2333,12/12/08
2334,12/12/09
2335,12/12/10
2336,12/12/11
2337,12/12/12
2338,12/12/13
2339,12/12/14
2340,12/12/15
2341,12/12/16
2342,12/12/17
2343,12/12/18
2344,12/12/19
2345,12/12/20
2346,12/12/21
2347,12/12/22
2348,12/12/23
2349,12/12/24
2350,12/12/25
2351,12/12/26
2352,12/12/27
2353,12/12/28
2354,13/01/01
2355,13/01/02
2356,13/01/03
2357,13/01/04
2358,13/01/05
2359,13/01/06
2360,13/01/07
2361,13/01/08
2362,13/01/09
2363,13/01/10
2364,13/01/11
2365,13/01/12
2366,13/01/13
2367,13/01/14
2368,13/01/15
2369,13/01/16
2370,13/01/17
2371,13/01/18
2372,13/01/19
2373,13/01/20
2374,13/01/21
2375,13/01/22
2376,13/01/23
2377,13/01/24
2378,13/01/25
2379,13/01/26
2380,13/01/27
2381,13/01/28
2382,13/02/01
2383,13/02/02
2384,13/02/03
2385,13/02/04
2386,13/02/05
2387,13/02/06
2388,13/02/07
2389,13/02/08
2390,13/02/09
2391,13/02/10
2392,13/02/11
2393,13/02/12
2394,13/02/13
2395,13/02/14
2396,13/02/15
2397,13/02/16
2398,13/02/17
2399,13/02/18
2400,13/02/19
2401,13/02/20
2402,13/02/21
2403,13/02/22
2404,13/02/23
2405,13/02/24
2406,13/02/25
2407,13/02/26
2408,13/02/27
2409,13/02/28
2410,13/03/01
2411,13/03/02
2412,13/03/03
2413,13/03/04
2414,13/03/05
2415,13/03/06
2416,13/03/07
2417,13/03/08
2418,13/03/09
2419,13/03/10
2420,13/03/11
2421,13/03/12
2422,13/03/13
2423,13/03/14
2424,13/03/15
2425,13/03/16
2426,13/03/17
2427,13/03/18
2428,13/03/19
2429,13/03/20
2430,13/03/21
2431,13/03/22
2432,13/03/23
2433,13/03/24
2434,13/03/25
2435,13/03/26
2436,13/03/27
2437,13/03/28
2438,13/04/01
2439,13/04/02
2440,13/04/03
2441,13/04/04
2442,13/04/05
2443,13/04/06
2444,13/04/07
2445,13/04/08
2446,13/04/09
2447,13/04/10
2448,13/04/11
2449,13/04/12
2450,13/04/13
2451,13/04/14
2452,13/04/15
2453,13/04/16
2454,13/04/17
2455,13/04/18
2456,13/04/19
2457,13/04/20
2458,13/04/21
2459,13/04/22
2460,13/04/23
2461,13/04/24
2462,13/04/25
2463,13/04/26
2464,13/04/27
2465,13/04/28
2466,13/05/01
2467,13/05/02
2468,13/05/03
2469,13/05/04
2470,13/05/05
2471,13/05/06
2472,13/05/07
2473,13/05/08
2474,13/05/09
2475,13/05/10
2476,13/05/11
2477,13/05/12
2478,13/05/13
2479,13/05/14
2480,13/05/15
2481,13/05/16
2482,13/05/17
2483,13/05/18
2484,13/05/19
2485,13/05/20
2486,13/05/21
2487,13/05/22
2488,13/05/23
2489,13/05/24
2490,13/05/25
2491,13/05/26
2492,13/05/27
2493,13/05/28
2494,13/06/01
2495,13/06/02
2496,13/06/03
2497,13/06/04
2498,13/06/05
2499,13/06/06
2500,13/06/07
2501,13/06/08
2502,13/06/09
2503,13/06/10
2504,13/06/11
2505,13/06/12
2506,13/06/13
2507,13/06/14
2508,13/06/15
2509,13/06/16
2510,13/06/17
2511,13/06/18
2512,13/06/19
2513,13/06/20
2514,13/06/21
2515,13/06/22
2516,13/06/23
2517,13/06/24
2518,13/06/25
2519,13/06/26
2520,13/06/27
2521,13/06/28
2522,13/07/01
2523,13/07/02
2524,13/07/03
2525,13/07/04
2526,13/07/05
2527,13/07/06
2528,13/07/07
2529,13/07/08
2530,13/07/09
2531,13/07/10
2532,13/07/11
2533,13/07/12
2534,13/07/13
2535,13/07/14
2536,13/07/15
2537,13/07/16
2538,13/07/17
2539,13/07/18
2540,13/07/19
2541,13/07/20
2542,13/07/21
2543,13/07/22
2544,13/07/23
2545,13/07/24
2546,13/07/25
2547,13/07/26
2548,13/07/27
2549,13/07/28
2550,13/08/01
2551,13/08/02
2552,13/08/03
2553,13/08/04
2554,13/08/05
2555,13/08/06
2556,13/08/07
2557,13/08/08
2558,13/08/09
2559,13/08/10
2560,13/08/11
2561,13/08/12
2562,13/08/13
2563,13/08/14
2564,13/08/15
2565,13/08/16
2566,13/08/17
2567,13/08/18
2568,13/08/19
2569,13/08/20
2570,13/08/21
2571,13/08/22
2572,13/08/23
2573,13/08/24
2574,13/08/25
2575,13/08/26
2576,13/08/27
2577,13/08/28
2578,13/09/01
2579,13/09/02
2580,13/09/03
2581,13/09/04
2582,13/09/05
2583,13/09/06
2584,13/09/07
2585,13/09/08
2586,13/09/09
2587,13/09/10
2588,13/09/11
2589,13/09/12
2590,13/09/13
2591,13/09/14
2592,13/09/15
2593,13/09/16
2594,13/09/17
2595,13/09/18
2596,13/09/19
2597,13/09/20
2598,13/09/21
2599,13/09/22
2600,13/09/23
2601,13/09/24
2602,13/09/25
2603,13/09/26
2604,13/09/27
2605,13/09/28
2606,13/10/01
2607,13/10/02
2608,13/10/03
2609,13/10/04
2610,13/10/05
2611,13/10/06
2612,13/10/07
2613,13/10/08
2614,13/10/09
2615,13/10/10
2616,13/10/11
2617,13/10/12
2618,13/10/13
2619,13/10/14
2620,13/10/15
2621,13/10/16
2622,13/10/17
2623,13/10/18
2624,13/10/19
2625,13/10/20
2626,13/10/21
2627,13/10/22
2628,13/10/23
2629,13/10/24
2630,13/10/25
2631,13/10/26
2632,13/10/27
2633,13/10/28
2634,13/11/01
2635,13/11/02
2636,13/11/03
2637,13/11/04
2638,13/11/05
2639,13/11/06
2640,13/11/07
2641,13/11/08
2642,13/11/09
2643,13/11/10
2644,13/11/11
2645,13/11/12
2646,13/11/13
2647,13/11/14
2648,13/11/15
2649,13/11/16
2650,13/11/17
2651,13/11/18
2652,13/11/19
2653,13/11/20
2654,13/11/21
2655,13/11/22
2656,13/11/23
2657,13/11/24
2658,13/11/25
2659,13/11/26
2660,13/11/27
2661,13/11/28
2662,13/12/01
2663,13/12/02
2664,13/12/03
2665,13/12/04
2666,13/12/05
2667,13/12/06
2668,13/12/07
2669,13/12/08
2670,13/12/09
2671,13/12/10
2672,13/12/11
2673,13/12/12
2674,13/12/13
2675,13/12/14
2676,13/12/15
2677,13/12/16
2678,13/12/17
2679,13/12/18
2680,13/12/19
2681,13/12/20
2682,13/12/21
2683,13/12/22
2684,13/12/23
2685,13/12/24
2686,13/12/25
2687,13/12/26
2688,13/12/27
2689,13/12/28
2690,14/01/01
2691,14/01/02
2692,14/01/03
2693,14/01/04
2694,14/01/05
2695,14/01/06
2696,14/01/07
2697,14/01/08
2698,14/01/09
2699,14/01/10
2700,14/01/11
2701,14/01/12
2702,14/01/13
2703,14/01/14
2704,14/01/15
2705,14/01/16
2706,14/01/17
2707,14/01/18
2708,14/01/19
2709,14/01/20
2710,14/01/21
2711,14/01/22
2712,14/01/23
2713,14/01/24
2714,14/01/25
2715,14/01/26
2716,14/01/27
2717,14/01/28
2718,14/02/01
2719,14/02/02
2720,14/02/03
2721,14/02/04
2722,14/02/05
2723,14/02/06
2724,14/02/07
2725,14/02/08
2726,14/02/09
2727,14/02/10
2728,14/02/11
2729,14/02/12
2730,14/02/13
2731,14/02/14
2732,14/02/15
2733,14/02/16
2734,14/02/17
2735,14/02/18
2736,14/02/19
2737,14/02/20
2738,14/02/21
2739,14/02/22
2740,14/02/23
2741,14/02/24
2742,14/02/25
2743,14/02/26
2744,14/02/27
2745,14/02/28
2746,14/03/01
2747,14/03/02
2748,14/03/03
2749,14/03/04
2750,14/03/05
2751,14/03/06
2752,14/03/07
2753,14/03/08
2754,14/03/09
2755,14/03/10
2756,14/03/11
2757,14/03/12
2758,14/03/13
2759,14/03/14
2760,14/03/15
2761,14/03/16
2762,14/03/17
2763,14/03/18
2764,14/03/19
2765,14/03/20
2766,14/03/21
2767,14/03/22
2768,14/03/23
2769,14/03/24
2770,14/03/25
2771,14/03/26
2772,14/03/27
2773,14/03/28
2774,14/04/01
2775,14/04/02
2776,14/04/03
2777,14/04/04
2778,14/04/05
2779,14/04/06
2780,14/04/07
2781,14/04/08
2782,14/04/09
2783,14/04/10
2784,14/04/11
2785,14/04/12
2786,14/04/13
2787,14/04/14
2788,14/04/15
2789,14/04/16
2790,14/04/17
2791,14/04/18
2792,14/04/19
2793,14/04/20
2794,14/04/21
2795,14/04/22
2796,14/04/23
2797,14/04/24
2798,14/04/25
2799,14/04/26
2800,14/04/27
2801,14/04/28
2802,14/05/01
2803,14/05/02
2804,14/05/03
2805,14/05/04
2806,14/05/05
2807,14/05/06
2808,14/05/07
2809,14/05/08
2810,14/05/09
2811,14/05/10
2812,14/05/11
2813,14/05/12
2814,14/05/13
2815,14/05/14
2816,14/05/15
2817,14/05/16
2818,14/05/17
2819,14/05/18
2820,14/05/19
2821,14/05/20
2822,14/05/21
2823,14/05/22
2824,14/05/23
2825,14/05/24
2826,14/05/25
2827,14/05/26
2828,14/05/27
2829,14/05/28
2830,14/06/01
2831,14/06/02
2832,14/06/03
2833,14/06/04
2834,14/06/05
2835,14/06/06
2836,14/06/07
2837,14/06/08
2838,14/06/09
2839,14/06/10
2840,14/06/11
2841,14/06/12
2842,14/06/13
2843,14/06/14
2844,14/06/15
2845,14/06/16
2846,14/06/17
2847,14/06/18
2848,14/06/19
2849,14/06/20
2850,14/06/21
2851,14/06/22
2852,14/06/23
2853,14/06/24
2854,14/06/25
2855,14/06/26
2856,14/06/27
2857,14/06/28
2858,14/07/01
2859,14/07/02
2860,14/07/03
2861,14/07/04
2862,14/07/05
2863,14/07/06
2864,14/07/07
2865,14/07/08
2866,14/07/09
2867,14/07/10
2868,14/07/11
2869,14/07/12
2870,14/07/13
2871,14/07/14
2872,14/07/15
2873,14/07/16
2874,14/07/17
2875,14/07/18
2876,14/07/19
2877,14/07/20
2878,14/07/21
2879,14/07/22
2880,14/07/23
2881,14/07/24
2882,14/07/25
2883,14/07/26
2884,14/07/27
2885,14/07/28
2886,14/08/01
2887,14/08/02
2888,14/08/03
2889,14/08/04
2890,14/08/05
2891,14/08/06
2892,14/08/07
2893,14/08/08
2894,14/08/09
2895,14/08/10
2896,14/08/11
2897,14/08/12
2898,14/08/13
2899,14/08/14
2900,14/08/15
2901,14/08/16
2902,14/08/17
2903,14/08/18
2904,14/08/19
2905,14/08/20
2906,14/08/21
2907,14/08/22
2908,14/08/23
2909,14/08/24
2910,14/08/25
2911,14/08/26
2912,14/08/27
2913,14/08/28
2914,14/09/01
2915,14/09/02
2916,14/09/03
2917,14/09/04
2918,14/09/05
2919,14/09/06
2920,14/09/07
2921,14/09/08
2922,14/09/09
2923,14/09/10
2924,14/09/11
2925,14/09/12
2926,14/09/13
2927,14/09/14
2928,14/09/15
2929,14/09/16
2930,14/09/17
2931,14/09/18
2932,14/09/19
2933,14/09/20
2934,14/09/21
2935,14/09/22
2936,14/09/23
2937,14/09/24
2938,14/09/25
2939,14/09/26
2940,14/09/27
2941,14/09/28
2942,14/10/01
2943,14/10/02
2944,14/10/03
2945,14/10/04
2946,14/10/05
2947,14/10/06
2948,14/10/07
2949,14/10/08
2950,14/10/09
2951,14/10/10
2952,14/10/11
2953,14/10/12
2954,14/10/13
2955,14/10/14
2956,14/10/15
2957,14/10/16
2958,14/10/17
2959,14/10/18
2960,14/10/19
2961,14/10/20
2962,14/10/21
2963,14/10/22
2964,14/10/23
2965,14/10/24
2966,14/10/25
2967,14/10/26
2968,14/10/27
2969,14/10/28
2970,14/11/01
2971,14/11/02
2972,14/11/03
2973,14/11/04
2974,14/11/05
2975,14/11/06
2976,14/11/07
2977,14/11/08
2978,14/11/09
2979,14/11/10
2980,14/11/11
2981,14/11/12
2982,14/11/13
2983,14/11/14
2984,14/11/15
2985,14/11/16
2986,14/11/17
2987,14/11/18
2988,14/11/19
2989,14/11/20
2990,14/11/21
2991,14/11/22
2992,14/11/23
2993,14/11/24
2994,14/11/25
2995,14/11/26
2996,14/11/27
2997,14/11/28
2998,14/12/01
2999,14/12/02
3000,14/12/03
3001,14/12/04
3002,14/12/05
3003,14/12/06
3004,14/12/07
3005,14/12/08
3006,14/12/09
3007,14/12/10
3008,14/12/11
3009,14/12/12
3010,14/12/13
3011,14/12/14
3012,14/12/15
3013,14/12/16
3014,14/12/17
3015,14/12/18
3016,14/12/19
3017,14/12/20
3018,14/12/21
3019,14/12/22
3020,14/12/23
3021,14/12/24
3022,14/12/25
3023,14/12/26
3024,14/12/27
3025,14/12/28
3026,15/01/01
3027,15/01/02
3028,15/01/03
3029,15/01/04
3030,15/01/05
3031,15/01/06
3032,15/01/07
3033,15/01/08
3034,15/01/09
3035,15/01/10
3036,15/01/11
3037,15/01/12
3038,15/01/13
3039,15/01/14
3040,15/01/15
3041,15/01/16
3042,15/01/17
3043,15/01/18
3044,15/01/19
3045,15/01/20
3046,15/01/21
3047,15/01/22
3048,15/01/23
3049,15/01/24
3050,15/01/25
3051,15/01/26
3052,15/01/27
3053,15/01/28
3054,15/02/01
3055,15/02/02
3056,15/02/03
3057,15/02/04
3058,15/02/05
3059,15/02/06
3060,15/02/07
3061,15/02/08
3062,15/02/09
3063,15/02/10
3064,15/02/11
3065,15/02/12
3066,15/02/13
3067,15/02/14
3068,15/02/15
3069,15/02/16
3070,15/02/17
3071,15/02/18
3072,15/02/19
3073,15/02/20
3074,15/02/21
3075,15/02/22
3076,15/02/23
3077,15/02/24
3078,15/02/25
3079,15/02/26
3080,15/02/27
3081,15/02/28
3082,15/03/01
3083,15/03/02
3084,15/03/03
3085,15/03/04
3086,15/03/05
3087,15/03/06
3088,15/03/07
3089,15/03/08
3090,15/03/09
3091,15/03/10
3092,15/03/11
3093,15/03/12
3094,15/03/13
3095,15/03/14
3096,15/03/15
3097,15/03/16
3098,15/03/17
3099,15/03/18
3100,15/03/19
3101,15/03/20
3102,15/03/21
3103,15/03/22
3104,15/03/23
3105,15/03/24
3106,15/03/25
3107,15/03/26
3108,15/03/27
3109,15/03/28
3110,15/04/01
3111,15/04/02
3112,15/04/03
3113,15/04/04
3114,15/04/05
3115,15/04/06
3116,15/04/07
3117,15/04/08
3118,15/04/09
3119,15/04/10
3120,15/04/11
3121,15/04/12
3122,15/04/13
3123,15/04/14
3124,15/04/15
3125,15/04/16
3126,15/04/17
3127,15/04/18
3128,15/04/19
3129,15/04/20
3130,15/04/21
3131,15/04/22
3132,15/04/23
3133,15/04/24
3134,15/04/25
3135,15/04/26
3136,15/04/27
3137,15/04/28
3138,15/05/01
3139,15/05/02
3140,15/05/03
3141,15/05/04
3142,15/05/05
3143,15/05/06
3144,15/05/07
3145,15/05/08
3146,15/05/09
3147,15/05/10
3148,15/05/11
3149,15/05/12
3150,15/05/13
3151,15/05/14
3152,15/05/15
3153,15/05/16
3154,15/05/17
3155,15/05/18
3156,15/05/19
3157,15/05/20
3158,15/05/21
3159,15/05/22
3160,15/05/23
3161,15/05/24
3162,15/05/25
3163,15/05/26
3164,15/05/27
3165,15/05/28
3166,15/06/01
3167,15/06/02
3168,15/06/03
3169,15/06/04
3170,15/06/05
3171,15/06/06
3172,15/06/07
3173,15/06/08
3174,15/06/09
3175,15/06/10
3176,15/06/11
3177,15/06/12
3178,15/06/13
3179,15/06/14
3180,15/06/15
3181,15/06/16
3182,15/06/17
3183,15/06/18
3184,15/06/19
3185,15/06/20
3186,15/06/21
3187,15/06/22
3188,15/06/23
3189,15/06/24
3190,15/06/25
3191,15/06/26
3192,15/06/27
3193,15/06/28
3194,15/07/01
3195,15/07/02
3196,15/07/03
3197,15/07/04
3198,15/07/05
3199,15/07/06
3200,15/07/07
3201,15/07/08
3202,15/07/09
3203,15/07/10
3204,15/07/11
3205,15/07/12
3206,15/07/13
3207,15/07/14
3208,15/07/15
3209,15/07/16
3210,15/07/17
3211,15/07/18
3212,15/07/19
3213,15/07/20
3214,15/07/21
3215,15/07/22
3216,15/07/23
3217,15/07/24
3218,15/07/25
3219,15/07/26
3220,15/07/27
3221,15/07/28
3222,15/08/01
3223,15/08/02
3224,15/08/03
3225,15/08/04
3226,15/08/05
3227,15/08/06
3228,15/08/07
3229,15/08/08
3230,15/08/09
3231,15/08/10
3232,15/08/11
3233,15/08/12
3234,15/08/13
3235,15/08/14
3236,15/08/15
3237,15/08/16
3238,15/08/17
3239,15/08/18
3240,15/08/19
3241,15/08/20
3242,15/08/21
3243,15/08/22
3244,15/08/23
3245,15/08/24
3246,15/08/25
3247,15/08/26
3248,15/08/27
3249,15/08/28
3250,15/09/01
3251,15/09/02
3252,15/09/03
3253,15/09/04
3254,15/09/05
3255,15/09/06
3256,15/09/07
3257,15/09/08
3258,15/09/09
3259,15/09/10
3260,15/09/11
3261,15/09/12
3262,15/09/13
3263,15/09/14
3264,15/09/15
3265,15/09/16
3266,15/09/17
3267,15/09/18
3268,15/09/19
3269,15/09/20
3270,15/09/21
3271,15/09/22
3272,15/09/23
3273,15/09/24
3274,15/09/25
3275,15/09/26
3276,15/09/27
3277,15/09/28
3278,15/10/01
3279,15/10/02
3280,15/10/03
3281,15/10/04
3282,15/10/05
3283,15/10/06
3284,15/10/07
3285,15/10/08
3286,15/10/09
3287,15/10/10
3288,15/10/11
3289,15/10/12
3290,15/10/13
3291,15/10/14
3292,15/10/15
3293,15/10/16
3294,15/10/17
3295,15/10/18
3296,15/10/19
3297,15/10/20
3298,15/10/21
3299,15/10/22
3300,15/10/23
3301,15/10/24
3302,15/10/25
3303,15/10/26
3304,15/10/27
3305,15/10/28
3306,15/11/01
3307,15/11/02
3308,15/11/03
3309,15/11/04
3310,15/11/05
3311,15/11/06
3312,15/11/07
3313,15/11/08
3314,15/11/09
3315,15/11/10
3316,15/11/11
3317,15/11/12
3318,15/11/13
3319,15/11/14
3320,15/11/15
3321,15/11/16
3322,15/11/17
3323,15/11/18
3324,15/11/19
3325,15/11/20
3326,15/11/21
3327,15/11/22
3328,15/11/23
3329,15/11/24
3330,15/11/25
3331,15/11/26
3332,15/11/27
3333,15/11/28
3334,15/12/01
3335,15/12/02
3336,15/12/03
3337,15/12/04
3338,15/12/05
3339,15/12/06
3340,15/12/07
3341,15/12/08
3342,15/12/09
3343,15/12/10
3344,15/12/11
3345,15/12/12
3346,15/12/13
3347,15/12/14
3348,15/12/15
3349,15/12/16
3350,15/12/17
3351,15/12/18
3352,15/12/19
3353,15/12/20
3354,15/12/21
3355,15/12/22
3356,15/12/23
3357,15/12/24
3358,15/12/25
3359,15/12/26
3360,15/12/27
3361,15/12/28
3362,16/01/01
3363,16/01/02
3364,16/01/03
3365,16/01/04
3366,16/01/05
3367,16/01/06
3368,16/01/07
3369,16/01/08
3370,16/01/09
3371,16/01/10
3372,16/01/11
3373,16/01/12
3374,16/01/13
3375,16/01/14
3376,16/01/15
3377,16/01/16
3378,16/01/17
3379,16/01/18
3380,16/01/19
3381,16/01/20
3382,16/01/21
3383,16/01/22
3384,16/01/23
3385,16/01/24
3386,16/01/25
3387,16/01/26
3388,16/01/27
3389,16/01/28
3390,16/02/01
3391,16/02/02
3392,16/02/03
3393,16/02/04
3394,16/02/05
3395,16/02/06
3396,16/02/07
3397,16/02/08
3398,16/02/09
3399,16/02/10
3400,16/02/11
3401,16/02/12
3402,16/02/13
3403,16/02/14
3404,16/02/15
3405,16/02/16
3406,16/02/17
3407,16/02/18
3408,16/02/19
3409,16/02/20
3410,16/02/21
3411,16/02/22
3412,16/02/23
3413,16/02/24
3414,16/02/25
3415,16/02/26
3416,16/02/27
3417,16/02/28
3418,16/03/01
3419,16/03/02
3420,16/03/03
3421,16/03/04
3422,16/03/05
3423,16/03/06
3424,16/03/07
3425,16/03/08
3426,16/03/09
3427,16/03/10
3428,16/03/11
3429,16/03/12
3430,16/03/13
3431,16/03/14
3432,16/03/15
3433,16/03/16
3434,16/03/17
3435,16/03/18
3436,16/03/19
3437,16/03/20
3438,16/03/21
3439,16/03/22
3440,16/03/23
3441,16/03/24
3442,16/03/25
3443,16/03/26
3444,16/03/27
3445,16/03/28
3446,16/04/01
3447,16/04/02
3448,16/04/03
3449,16/04/04
3450,16/04/05
3451,16/04/06
3452,16/04/07
3453,16/04/08
3454,16/04/09
3455,16/04/10
3456,16/04/11
3457,16/04/12
3458,16/04/13
3459,16/04/14
3460,16/04/15
3461,16/04/16
3462,16/04/17
3463,16/04/18
3464,16/04/19
3465,16/04/20
3466,16/04/21
3467,16/04/22
3468,16/04/23
3469,16/04/24
3470,16/04/25
3471,16/04/26
3472,16/04/27
3473,16/04/28
3474,16/05/01
3475,16/05/02
3476,16/05/03
3477,16/05/04
3478,16/05/05
3479,16/05/06
3480,16/05/07
3481,16/05/08
3482,16/05/09
3483,16/05/10
3484,16/05/11
3485,16/05/12
3486,16/05/13
3487,16/05/14
3488,16/05/15
3489,16/05/16
3490,16/05/17
3491,16/05/18
3492,16/05/19
3493,16/05/20
3494,16/05/21
3495,16/05/22
3496,16/05/23
3497,16/05/24
3498,16/05/25
3499,16/05/26
3500,16/05/27
3501,16/05/28
3502,16/06/01
3503,16/06/02
3504,16/06/03
3505,16/06/04
3506,16/06/05
3507,16/06/06
3508,16/06/07
3509,16/06/08
3510,16/06/09
3511,16/06/10
3512,16/06/11
3513,16/06/12
3514,16/06/13
3515,16/06/14
3516,16/06/15
3517,16/06/16
3518,16/06/17
3519,16/06/18
3520,16/06/19
3521,16/06/20
3522,16/06/21
3523,16/06/22
3524,16/06/23
3525,16/06/24
3526,16/06/25
3527,16/06/26
3528,16/06/27
3529,16/06/28
3530,16/07/01
3531,16/07/02
3532,16/07/03
3533,16/07/04
3534,16/07/05
3535,16/07/06
3536,16/07/07
3537,16/07/08
3538,16/07/09
3539,16/07/10
3540,16/07/11
3541,16/07/12
3542,16/07/13
3543,16/07/14
3544,16/07/15
3545,16/07/16
3546,16/07/17
3547,16/07/18
3548,16/07/19
3549,16/07/20
3550,16/07/21
3551,16/07/22
3552,16/07/23
3553,16/07/24
3554,16/07/25
3555,16/07/26
3556,16/07/27
3557,16/07/28
3558,16/08/01
3559,16/08/02
3560,16/08/03
3561,16/08/04
3562,16/08/05
3563,16/08/06
3564,16/08/07
3565,16/08/08
3566,16/08/09
3567,16/08/10
3568,16/08/11
3569,16/08/12
3570,16/08/13
3571,16/08/14
3572,16/08/15
3573,16/08/16
3574,16/08/17
3575,16/08/18
3576,16/08/19
3577,16/08/20
3578,16/08/21
3579,16/08/22
3580,16/08/23
3581,16/08/24
3582,16/08/25
3583,16/08/26
3584,16/08/27
3585,16/08/28
3586,16/09/01
3587,16/09/02
3588,16/09/03
3589,16/09/04
3590,16/09/05
3591,16/09/06
3592,16/09/07
3593,16/09/08
3594,16/09/09
3595,16/09/10
3596,16/09/11
3597,16/09/12
3598,16/09/13
3599,16/09/14
3600,16/09/15
3601,16/09/16
3602,16/09/17
3603,16/09/18
3604,16/09/19
3605,16/09/20
3606,16/09/21
3607,16/09/22
3608,16/09/23
3609,16/09/24
3610,16/09/25
3611,16/09/26
3612,16/09/27
3613,16/09/28
3614,16/10/01
3615,16/10/02
3616,16/10/03
3617,16/10/04
3618,16/10/05
3619,16/10/06
3620,16/10/07
3621,16/10/08
3622,16/10/09
3623,16/10/10
3624,16/10/11
3625,16/10/12
3626,16/10/13
3627,16/10/14
3628,16/10/15
3629,16/10/16
3630,16/10/17
3631,16/10/18
3632,16/10/19
3633,16/10/20
3634,16/10/21
3635,16/10/22
3636,16/10/23
3637,16/10/24
3638,16/10/25
3639,16/10/26
3640,16/10/27
3641,16/10/28
3642,16/11/01
3643,16/11/02
3644,16/11/03
3645,16/11/04
3646,16/11/05
3647,16/11/06
3648,16/11/07
3649,16/11/08
3650,16/11/09
3651,16/11/10
3652,16/11/11
3653,16/11/12
3654,16/11/13
3655,16/11/14
3656,16/11/15
3657,16/11/16
3658,16/11/17
3659,16/11/18
3660,16/11/19
3661,16/11/20
3662,16/11/21
3663,16/11/22
3664,16/11/23
3665,16/11/24
3666,16/11/25
3667,16/11/26
3668,16/11/27
3669,16/11/28
3670,16/12/01
3671,16/12/02
3672,16/12/03
3673,16/12/04
3674,16/12/05
3675,16/12/06
3676,16/12/07
3677,16/12/08
3678,16/12/09
3679,16/12/10
3680,16/12/11
3681,16/12/12
3682,16/12/13
3683,16/12/14
3684,16/12/15
3685,16/12/16
3686,16/12/17
3687,16/12/18
3688,16/12/19
3689,16/12/20
3690,16/12/21
3691,16/12/22
3692,16/12/23
3693,16/12/24
3694,16/12/25
3695,16/12/26
3696,16/12/27
3697,16/12/28
